timestamp,day_type,hour,outdoor_dry_bulb_temperature,outdoor_dry_bulb_temperature_predicted_1,outdoor_dry_bulb_temperature_predicted_2,outdoor_dry_bulb_temperature_predicted_3,diffuse_solar_irradiance,diffuse_solar_irradiance_predicted_1,diffuse_solar_irradiance_predicted_2,diffuse_solar_irradiance_predicted_3,direct_solar_irradiance,direct_solar_irradiance_predicted_1,direct_solar_irradiance_predicted_2,direct_solar_irradiance_predicted_3,carbon_intensity,indoor_dry_bulb_temperature,non_shiftable_load,solar_generation,dhw_storage_soc,electrical_storage_soc,net_electricity_consumption,electricity_pricing,electricity_pricing_predicted_1,electricity_pricing_predicted_2,cooling_demand,dhw_demand,occupant_count,indoor_dry_bulb_temperature_cooling_set_point,indoor_dry_bulb_temperature_heating_set_point,heating_electricity_consumption
2026-01-01T00:00:00,1,1,-3.299999952,-3.450071096,-1.425153971,-2.375319719,0,0,256.9093933,0,0,0,97.49881744,0,0.1707244068,17.22305298,0.2300402075,0,0,0,4.838657379,0.2199999988,0.2199999988,0.2199999988,0,0,2,17.22222137,17.22222137,4.608617306
2026-01-01T01:00:00,1,2,-3.299999952,-4.014766216,-1.34866035,-2.216448545,0,0,245.2180634,0,0,0,66.69931793,0,0.157319054,17.22305298,0.2276948392,0,0.2791157067,0,6.811204433,0.2199999988,0.2199999988,0.2199999988,0,0,2,17.22222137,17.22222137,4.608617306
2026-01-01T02:00:00,1,3,-3.299999952,-4.006083488,-0.8298475742,-2.177375793,0,36.17733002,200.8843231,0,0,21.80551338,33.39886093,0,0.1545025557,17.2222538,0.2256059051,0,0.2773587406,0.0717093423,6.229269028,0.2199999988,0.2199999988,0.2199999988,0,0,2,17.22222137,17.22222137,4.973326206
2026-01-01T03:00:00,1,4,-3.299999952,-3.489430904,-1.010433435,-2.552438736,0,103.3424835,148.1695099,0,0,35.43170929,40.18976974,0,0.1509448737,17.22222328,0.2234314978,0,0.2756128311,0.008267310448,4.384250164,0.2199999988,0.2199999988,0.2199999988,0,0,2,17.22222137,17.22222137,4.954569817
2026-01-01T04:00:00,1,5,-3.299999952,-3.116794825,0.3969445527,-1.375576735,0,196.4541779,70.59159088,0,0,84.26716614,278.2442322,0,0.1518198699,17.22222137,0.2210861146,0,0.2738779187,0.0509281829,5.960299015,0.2199999988,0.2199999988,0.5400000215,0,0,2,17.22222137,17.22222137,5.117830753
2026-01-01T05:00:00,1,6,-3.299999952,-1.992697358,-1.734177709,-3.517138481,0,231.7070312,15.69508171,0,0,228.7801971,62.30471802,0,0.1580882221,17.22222137,0.2597359419,0,0.272153914,0.09286865592,6.024288654,0.2199999988,0.2199999988,0.5400000215,0,0,2,17.22222137,17.22222137,5.190706253
2026-01-01T06:00:00,1,7,-3.299999952,-1.362984776,-2.269800425,-3.383431435,0,257.7252808,0,0,0,97.80846405,0,0,0.1619393677,17.22222137,0.2261187881,0,0.5123101473,0.1031798795,7.394654274,0.2199999988,0.2199999988,0.5400000215,0,0.09418574721,1,17.22222137,17.22222137,5.166890621
2026-01-01T07:00:00,1,8,-3.900000095,-0.8790937066,-0.6213697195,-1.20592165,0,254.6022186,0,0,0,69.25180054,0,0,0.1643459648,17.22222137,0.336969316,0,0.8556730747,0.0249461215,6.850931644,0.2199999988,0.2199999988,0.5400000215,0,0,1,17.22222137,17.22222137,5.160634995
2026-01-01T08:00:00,1,9,-3.900000095,-0.712867856,-1.944546938,-2.207905293,36.5,202.5765381,0,34.64558792,22,33.6802063,0,268.9844666,0.1909981519,17.22222137,0.3418591917,0.1755813658,1,0,6.698914051,0.2199999988,0.2199999988,0.5400000215,0,0,1,17.22222137,17.22222137,5.616065979
2026-01-01T09:00:00,1,10,-3.299999952,-0.3361180425,-1.128255725,-0.5125312209,105,156.364502,0,75.61326599,36,42.41259003,0,97.37247467,0.20289886,17.22222137,0.3406258225,0.6230828166,1,0.01845036261,6.021237373,0.2199999988,0.2199999988,0.2199999988,0,0,1,17.22222137,17.22222137,5.540562153
2026-01-01T10:00:00,1,11,-3.299999952,0.2924067974,-1.066451907,0.7158305645,193.5,70.16915894,0,146.5121002,83,276.5791626,0,0,0.2128716856,17.22222137,0.3368673027,1.355994463,1,0,4.885521889,0.2199999988,0.5400000215,0.2199999988,0,0,1,17.22222137,17.22222137,5.35323
2026-01-01T11:00:00,1,12,-1.700000048,-0.8362260461,-1.128489852,0.5869827271,237.5,16.86268997,0,175.1558685,234.5,66.93976593,0,0.5439622998,0.2257099152,17.22222137,0.3368770778,2.288205862,1,0.05138606206,5.001502991,0.2199999988,0.5400000215,0.2199999988,0,0,1,17.22222137,17.22222137,5.233801365
2026-01-01T12:00:00,1,13,-1.100000024,-1.825107455,-1.971066117,-1.162983537,263.5,0,0,163.3897247,100,0,0,0.9582974911,0.2346078902,17.22222137,0.34123981,2.162487745,1,0.03495782614,1.996615648,0.2199999988,0.5400000215,0.2199999988,0,0,1,17.22222137,17.22222137,4.103817463
2026-01-01T13:00:00,1,14,-1.100000024,-1.022803545,-1.53274107,0.3473840058,250,0,0,160.0142212,68,0,0,0.5128660798,0.2428607047,17.22222137,0.3718271255,2.027366638,1,0.04975919798,2.48301959,0.2199999988,0.5400000215,0.2199999988,0,0,1,17.22222137,17.22222137,4.03981638
2026-01-01T14:00:00,1,15,-0.6000000238,-1.650798321,-1.593396425,0.2214074284,204.5,0,0,106.2138596,34,0,0,0,0.2422392517,17.24856567,0.3403866887,1.579814076,1,0.01318095438,1.842481613,0.2199999988,0.5400000215,0.2199999988,0,0,1,17.22222137,17.22222137,3.907661915
2026-01-01T15:00:00,1,16,-0.6000000238,-1.780653358,-1.874748826,-1.76293993,153,0,0,101.6905746,41.5,0,0,2.432788849,0.2426802963,16.68741035,0.3449774981,1.276957512,0.976872623,0.1042917892,3.234009743,0.2199999988,0.2199999988,0.2199999988,0,0.1077955514,1,17.22222137,17.22222137,3.174495935
2026-01-01T16:00:00,1,17,0,-1.775700569,-2.364017725,-2.040652275,68.5,0,0,42.40234375,270,0,0,96.98926544,0.2452496737,14.38471317,0.3644324541,1.831055522,0.9707234502,0.1490081251,0.8013017178,0.5400000215,0.2199999988,0.2199999988,0,0,1,17.22222137,17.22222137,1.076566696
2026-01-01T17:00:00,1,18,-1.100000024,-1.806814075,-2.431430578,-2.180663347,16.5,0,0,17.84131241,65.5,0,0,37.12921906,0.2461469471,10.39273739,0.4040110111,0.3955973685,1,0.06237689406,-1.808944583,0.5400000215,0.2199999988,0.2199999988,5.440698147,0.2155891508,1,17.22222137,17.22222137,0
2026-01-01T18:00:00,1,19,-1.700000048,-1.97729528,-2.800806522,-3.197829008,0,0,0,0,0,0,0,0,0.2427593917,12.5490303,0.6329892874,0,1,0.00472974591,1.523448586,0.5400000215,0.2199999988,0.2199999988,0,0.1077955738,2,17.22222137,17.22222137,2.079226732
2026-01-01T19:00:00,1,20,-1.100000024,-1.707586288,-2.216436863,-2.23413825,0,0,0,0,0,0,0,0,0.2415094674,9.455825806,0.6971135139,0,1,0.06730748713,1.627635002,0.5400000215,0.2199999988,0.2199999988,0.989135921,0,2,18.61111069,18.61111069,0
2026-01-01T20:00:00,1,21,-1.700000048,-1.837202907,-1.997272968,-2.817413092,0,0,35.1767807,0,0,0,273.1086426,0,0.2435890883,4.248666763,0.6514510512,0,0.9983695745,0.1246892884,3.054548502,0.5400000215,0.2199999988,0.2199999988,20.76172256,0.4311760664,2,18.88888931,18.88888931,0
2026-01-01T21:00:00,1,22,-1.700000048,-1.690221667,-1.678813457,-2.755997181,0,0,69.61326599,0,0,0,89.64585876,0,0.2407391965,7.443133831,0.5867295861,0,1,0.1442120671,2.060739756,0.2199999988,0.2199999988,0.2199999988,0,0.2155909836,2,19.88888931,19.88888931,0.8300484419
2026-01-01T22:00:00,1,23,-1.700000048,-2.274825096,-0.762121141,-3.136713266,0,0,131.835144,0,0,0,0,0,0.2292703837,0.5408450365,0.2400200665,0,0.976872623,0.1932914406,1.315944672,0.2199999988,0.2199999988,0.2199999988,0,0.1077955365,2,17.77777863,17.77777863,0.007026721723
2026-01-01T23:00:00,1,24,-1.700000048,-2.497596979,-1.244793296,-4.639185905,0,0,153.0144806,0,0,0,0.4752002656,0,0.2152947336,4.90473938,0.2373630553,0,1,0.1533393413,0.02158769965,0.2199999988,0.2199999988,0.2199999988,0,0,2,17.22222137,17.22222137,0.06041307375
2026-01-02T00:00:00,2,1,-1.700000048,-1.971998334,-0.1059963331,-2.873992443,0,0,176.9790497,0,0,0,1.038000226,0,0.1915788651,3.15005827,0.2300402075,0,0.9937052131,0.06461582333,-0.6243954897,0.2199999988,0.2199999988,0.2199999988,0,0,2,17.22222137,17.22222137,0.2564423382
2026-01-02T01:00:00,2,2,-1.700000048,-2.329332352,-0.2802201509,-4.481995583,0,0,152.6373596,0,0,0,0.4892222881,0,0.1727136075,8.649244308,0.2276948392,0,0.9874500632,0.02692005783,2.965966225,0.2199999988,0.2199999988,0.2199999988,0,0,2,17.22222137,17.22222137,3.203064203
2026-01-02T02:00:00,2,3,-1.700000048,-1.815249681,-0.2497077286,-4.918623924,0,35.6542511,102.4927368,0,0,276.8156433,0,0,0.1668172926,5.511631966,0.2256059051,0,0.9812342525,0.01124414057,0.9609436393,0.2199999988,0.2199999988,0.2199999988,0,0,2,17.22222137,17.22222137,0.9260807633
2026-01-02T03:00:00,2,4,-1.700000048,-1.573042512,-1.124925494,-3.828691244,0,70.23529816,106.711174,0,0,90.44689178,2.552898884,0,0.1635285467,1.426009417,0.2234314978,0,0.9954935908,0.003589884611,1.294011354,0.2199999988,0.2199999988,0.2199999988,20.36061287,0,2,17.22222137,17.22222137,0
2026-01-02T04:00:00,2,5,-2.200000048,-0.8363484144,-2.212088346,-6.063568115,0,130.8706207,41.78647232,0,0,0,95.58055878,0,0.1625312269,5.200581074,0.2210861146,0,1,7.475566235e-05,2.362457037,0.2199999988,0.2199999988,0.5400000215,0,0,2,17.22222137,17.22222137,2.107403278
2026-01-02T05:00:00,2,6,-2.200000048,-0.4084869027,-1.285054922,-4.738191128,0,163.5694733,19.09049797,0,0,0.507979691,39.72887421,0,0.1673587412,-2.231842518,0.2213425636,0,0.9937052131,0,1.996884942,0.2199999988,0.2199999988,0.5400000215,0,0,2,17.22222137,17.22222137,1.776744485
2026-01-02T06:00:00,2,7,-2.200000048,-0.5565955043,-1.855956912,-4.804679871,0,171.1166992,0,0,0,1.003617048,0,0,0.1707614958,4.184898853,1.024606824,0,1,0.01756114513,3.252312183,0.2199999988,0.2199999988,0.5400000215,0,0,2,17.22222137,17.22222137,2.685285091
2026-01-02T07:00:00,2,8,-2.200000048,-0.1928275526,-2.617793083,-5.267724037,0,153.4932404,0,0,0,0.4919655323,0,0,0.1838895082,3.699884415,0.2306385636,0,1,0.029351959,4.826411247,0.2199999988,0.2199999988,0.5400000215,0,0,1,17.22222137,17.22222137,3.582803965
2026-01-02T08:00:00,2,9,-1.700000048,-0.1168476269,-2.453169823,-2.725814342,36,103.4824524,0,36.03940582,279.5,0,0,472.8369751,0.1978049278,2.705491543,0.2316162586,0.1487371773,0.9937052131,4.386568617e-05,1.621194482,0.2199999988,0.2199999988,0.5400000215,0,0,1,17.22222137,17.22222137,1.75528419
2026-01-02T09:00:00,2,10,-1.700000048,-1.590215445,-3.212133408,-0.2559696138,69.5,102.843544,0,73.05439758,89.5,2.460371733,0,558.678833,0.2108287662,4.411394119,0.3406258225,0.4184597433,0.9874500632,6.565710464e-07,3.302989244,0.2199999988,0.2199999988,0.2199999988,0,0,1,17.22222137,17.22222137,3.220659494
2026-01-02T10:00:00,2,11,-0.6000000238,-1.882950544,-3.196392775,2.476722479,133.5,42.83680344,0,71.36524963,0,97.98303223,0,783.6092529,0.2233762443,-1.828456163,0.3368673027,0.8269381523,1,0,0.4969439805,0.2199999988,0.5400000215,0.2199999988,8.843327522,0,1,17.22222137,17.22222137,0
2026-01-02T11:00:00,2,12,-0.6000000238,-1.822710872,-3.565873623,5.547801018,161,18.31082153,0,57.545784,0.5,38.10630417,0,938.4758301,0.2393086702,3.494385719,0.6963729262,1.01020205,1,0,1.954006672,0.2199999988,0.5400000215,0.2199999988,0,0,1,17.22222137,17.22222137,2.399591446
2026-01-02T12:00:00,2,13,-0.6000000238,-2.188391209,-4.416514397,7.827239513,170.5,0,0,69.50048828,1,0,0,875.4299927,0.2447691709,2.627056599,0.34123981,1.083400846,1,0,2.401919842,0.2199999988,0.5400000215,0.2199999988,0,0,1,17.22222137,17.22222137,2.671262741
2026-01-02T13:00:00,2,14,0,-1.961479902,-3.383206367,12.1733408,156,0,0,67.46916962,0.5,0,0,1066.552612,0.2435676306,1.752667189,0.8399544358,0.9853525162,1,0.06611791998,0.5051769018,0.2199999988,0.5400000215,0.2199999988,0,0,2,17.22222137,17.22222137,0.2528544068
2026-01-02T14:00:00,2,15,0,-1.975589871,-3.913778067,13.80984592,104.5,0,0,63.95080185,0,0,0,1031.811279,0.2433008403,5.332177162,0.4473246336,0.6444256306,1,0.07481136918,3.304804802,0.2199999988,0.5400000215,0.2199999988,0,0.1079780832,2,17.22222137,17.22222137,3.158558846
2026-01-02T15:00:00,2,16,-1.399999976,-2.797811031,-4.395257473,13.30984974,104.5,0,0,56.04085922,2.5,0,0,898.6552124,0.2491606772,4.048970699,0.4585097134,0.6748656631,0.9937052131,0.02029437199,1.399388313,0.2199999988,0.2199999988,0.2199999988,0,0,2,17.22222137,17.22222137,2.277360201
2026-01-02T16:00:00,2,17,-1.700000048,-2.635825872,-4.644289494,13.53878403,43.5,0,0,48.5173378,99.5,0,0,816.8842773,0.2508627772,3.461724281,0.4905544519,0.7820219994,1,0.0001027687249,1.637862206,0.5400000215,0.2199999988,0.2199999988,0,0,2,17.22222137,17.22222137,2.021138191
2026-01-02T17:00:00,2,18,-1.700000048,-3.283675671,-5.564630508,11.17345905,18.5,0,0,25.13603592,38.5,0,0,425.8044434,0.247261107,3.387335777,0.5601591468,0.2749494314,1,0.04973462597,2.171415091,0.5400000215,0.2199999988,0.2199999988,0,0.1079780459,2,17.22222137,17.22222137,1.587364793
2026-01-02T18:00:00,2,19,-1.950000048,-4.010471821,-5.239355087,9.502878189,0,0,0,0,0,0,0,0,0.2365138382,0.9067634344,1.351981044,0,0.9937052131,0.02472887188,1.20679462,0.5400000215,0.2199999988,0.2199999988,24.59243202,0,2,17.22222137,17.22222137,0
2026-01-02T19:00:00,2,20,-2.200000048,-4.19696331,-5.043420792,6.963664532,0,0,0,0,0,0,0,0,0.2257806063,3.509468079,0.6971135139,0,1,0.03595136106,3.183780193,0.5400000215,0.2199999988,0.2199999988,31.52497101,0,2,17.22222137,17.22222137,0
2026-01-02T20:00:00,2,21,-2.200000048,-4.206957817,-1.7817415,6.468690872,0,0,38.70651627,0,0,0,507.8294678,0,0.2217600793,0.3096020222,0.6514510512,0,1,0.05208791792,2.195668221,0.5400000215,0.2199999988,0.2199999988,0,0,2,17.22222137,17.22222137,1.214581728
2026-01-02T21:00:00,2,22,-2.799999952,-4.585193634,0.1987472624,3.566628933,0,0,75.59248352,0,0,0,578.0886841,0,0.2180475593,-7.795350075,0.4158911407,0,1,0.04263957962,1.954274178,0.2199999988,0.2199999988,0.2199999988,27.431633,0,2,17.22222137,17.22222137,0
2026-01-02T22:00:00,2,23,-2.799999952,-5.136278152,3.004730463,1.586747885,0,0,74.27381134,0,0,0,815.5459595,0,0.2063346803,8.354682922,0.2400200665,0,0.9768440723,0.09127865732,2.892928123,0.2199999988,0.2199999988,0.2199999988,35.39884949,0.1079780534,2,17.22222137,17.22222137,0
2026-01-02T23:00:00,2,24,-3.299999952,-5.608643055,6.081273079,0.5611060262,0,0,59.9135704,0,0,0,977.0904541,0,0.1926318556,-4.760950089,0.2373630553,0,0.9706950784,0.08956193179,0.747636497,0.2199999988,0.2199999988,0.2199999988,10.43849754,0,2,17.22222137,17.22222137,0
2026-01-03T00:00:00,3,1,-3.900000095,-5.082743168,8.720722198,0.2276546955,0,0,74.4588089,0,0,0,937.8851929,0,0.1794455349,2.944713593,0.2300402075,0,0.9645847678,0.01271810941,1.762058139,0.2199999988,0.2199999988,0.2199999988,0,0,2,17.22222137,17.22222137,2.492885113
2026-01-03T01:00:00,3,2,-3.900000095,-4.533139229,10.81153107,0.0008725321968,0,0,61.11313248,0,0,0,966.076355,0,0.1649591774,-2.507967472,0.2276948392,0,1,0.0495280996,2.135089874,0.2199999988,0.2199999988,0.2199999988,21.52083015,0,2,17.22222137,17.22222137,0
2026-01-03T02:00:00,3,3,-4.400000095,-2.33198452,12.51403332,-1.193930387,0,37.0875473,58.19115448,0,0,486.588623,938.8824463,0,0.1573014408,6.615225315,0.2256059051,0,1,0.1296953261,3.031093121,0.2199999988,0.2199999988,0.2199999988,32.17007065,0,2,17.22222137,17.22222137,0
2026-01-03T03:00:00,3,4,-4.400000095,0.8567354083,13.8562603,2.855309486,0,79.66877747,58.39619827,0,0,609.2619019,936.4247437,0,0.1590283811,-1.212755919,0.2234314978,0,1,0.1482660919,2.271244049,0.2199999988,0.2199999988,0.2199999988,34.35872269,0,2,17.22222137,17.22222137,0
2026-01-03T04:00:00,3,5,-5,3.577920914,13.40216255,1.850644588,0,77.76016998,48.13072968,0,0,853.8270874,810.375,0,0.156899333,-1.057572126,0.2210861146,0,0.9937052131,0.08393631876,0.2661257982,0.2199999988,0.2199999988,0.5400000215,16.88024521,0,2,17.22222137,17.22222137,0
2026-01-03T05:00:00,3,6,-5.599999905,5.91963768,10.70921421,0.2883685827,0,59.09818649,24.24848938,0,0,963.7929077,410.7694092,0,0.1573835164,-7.549255371,0.2213425636,0,1,0.03320669755,-0.2930448949,0.2199999988,0.2199999988,0.5400000215,0.5763681531,0,2,17.22222137,17.22222137,0
2026-01-03T06:00:00,3,7,-5,9.149995804,10.5416584,1.724982619,0,77.07289124,0,0,0,970.8121948,0,0,0.1679024696,11.82191944,0.2261187881,0,0.9937052131,0.0480880551,1.898245454,0.2199999988,0.2199999988,0.5400000215,29.11859512,0,1,17.22222137,17.22222137,0
2026-01-03T07:00:00,3,8,-4.400000095,11.15101719,8.410536766,0.2295762897,0,62.76571274,0,0,0,992.2003784,0,0,0.1787227392,-1.690662622,0.2306385636,0,0.9874500632,0.05081762373,0.7366855145,0.2199999988,0.2199999988,0.5400000215,9.320940971,0,1,17.22222137,17.22222137,0
2026-01-03T08:00:00,3,9,-2.200000048,12.90196133,5.820915699,3.758825064,37.5,60.00555801,0,39.29150772,492,968.1569214,0,459.6072388,0.2031152248,-2.586767673,0.2316162586,0.1692218184,1,0.05979142711,0.9073966742,0.2199999988,0.2199999988,0.5400000215,8.156119347,0,1,17.22222137,17.22222137,0
2026-01-03T09:00:00,3,10,0.6000000238,13.46771431,4.763381958,7.954716206,78,56.78266907,0,52.26729202,596.5,910.5506592,0,869.0097046,0.2138146162,0.4508314133,4.393507481,0.5463804603,0.9937052131,0.1106788069,2.344530821,0.2199999988,0.2199999988,0.2199999988,0,0,1,17.22222137,17.22222137,1.54166007
2026-01-03T10:00:00,3,11,3.299999952,12.68988514,1.961417079,8.904481888,76,45.5778923,0,61.1692276,834.5,767.3930054,0,866.4838257,0.2155149728,-1.094209194,0.8772515655,1.936883569,0.8077296019,0.1058805734,5.4363904,0.2199999988,0.5400000215,0.2199999988,0,1.150923848,1,17.22222137,17.22222137,1.640273929
2026-01-03T11:00:00,3,12,6.099999905,11.15694809,0.7233875394,10.25626659,60,25.11864281,0,81.51861572,978.5,425.5097961,0,924.7268066,0.2312306017,1.446776748,0.3368770778,3.317621231,1,0.05601146817,1.215488553,0.2199999988,0.5400000215,0.2199999988,0,0.2823650837,1,17.22222137,17.22222137,1.202359319
2026-01-03T12:00:00,3,13,8.899999619,9.739480019,0.03554027155,9.377660751,75.5,0,0,143.8227081,951,0,0,614.5567017,0.2402374297,-4.821243763,0.34123981,4.268387318,1,0.01863669604,-2.739428997,0.2199999988,0.5400000215,0.2199999988,13.21133137,0,1,17.22222137,17.22222137,0
2026-01-03T13:00:00,3,14,11.10000038,8.253277779,0.498768419,11.98974991,62.5,0,0,190.9786224,988,0,0,537.0043335,0.2455476224,6.751698017,0.3718271255,4.815851688,0.9847967625,0.0002285446535,-0.4409666061,0.2199999988,0.5400000215,0.2199999988,0,0.05704931915,1,17.22222137,17.22222137,3.719567299
2026-01-03T14:00:00,3,15,12.80000019,5.515228748,-0.7836710811,11.31852913,59.5,0,0,201.6366577,960,0,0,320.6751709,0.2436962575,4.646835327,0.3403866887,4.617698193,1,0,-1.339877367,0.2199999988,0.5400000215,0.2199999988,0,0.2170704007,1,17.22222137,17.22222137,2.727508307
2026-01-03T15:00:00,3,16,13.30000019,4.250860214,1.37686348,11.52887058,56,0,0,164.3995972,898,0,0,72.2217865,0.245652765,-5.625535965,0.3449774981,4.52592659,0.9141430855,0.02832147107,-2.073677301,0.2199999988,0.2199999988,0.2199999988,18.40393639,0.5095131397,1,17.22222137,17.22222137,0
2026-01-03T16:00:00,3,17,12.80000019,2.083182573,0.3468956351,11.17432213,46,0,0,101.391922,774.5,0,0,111.9635925,0.2490760833,-2.708518982,0.4905544519,3.432560682,1,0.1135530621,-0.2889595032,0.5400000215,0.2199999988,0.2199999988,17.20875168,0.1921500564,2,17.22222137,17.22222137,0
2026-01-03T17:00:00,3,18,11.10000038,0.4578196704,0.7919425964,9.960188866,25,0,0,22.86255646,423.5,0,0,20.48104095,0.2475140244,1.116147518,0.5601591468,1.616704822,0.9770125151,0.08680927753,-3.205700636,0.5400000215,0.2199999988,0.2199999988,0,0.1068995446,2,17.22222137,17.22222137,0.06128034741
2026-01-03T18:00:00,3,19,10,0.5481883883,0.4877415001,9.76684761,0,0,0,0,0,0,0,0,0.2499685287,-0.9157390594,0.6329892874,0,1,0.07578577846,-0.4065603018,0.5400000215,0.2199999988,0.2199999988,3.129248381,0.3441072404,2,17.22222137,17.22222137,0
2026-01-03T19:00:00,3,20,8.300000191,0.8466163278,0.5343354344,10.50977325,0,0,0,0,0,0,0,0,0.2512759864,4.417723656,0.6971135139,0,1,0.1651381254,3.616662979,0.5400000215,0.2199999988,0.2199999988,0,0.108153604,2,17.22222137,17.22222137,1.545491338
2026-01-03T20:00:00,3,21,5.599999905,-0.3043009639,3.940681219,10.23064518,0,0,39.87276077,0,0,0,466.4063721,0,0.2456024289,0.7552989721,0.6514510512,0,0.9937052131,0.06772252172,-0.3255985379,0.5400000215,0.2199999988,0.2199999988,0,0,2,17.22222137,17.22222137,0.2087020278
2026-01-03T21:00:00,3,22,4.400000095,1.865462899,7.558503151,9.044583321,0,0,50.86507034,0,0,0,845.6959839,0,0.237834841,3.24323988,1.665217042,0,0.9874500632,0.009277230129,2.979822636,0.2199999988,0.2199999988,0.2199999988,0,0,2,17.22222137,17.22222137,3.060249805
2026-01-03T22:00:00,3,23,2.200000048,0.7169165611,9.653319359,8.826124191,0,0,64.73736572,0,0,0,917.027771,0,0.2148102522,0.3055466413,1.428380966,0,1,0.09899616241,3.846157074,0.2199999988,0.2199999988,0.2199999988,0,0,2,17.22222137,17.22222137,0.7689366341
2026-01-03T23:00:00,3,24,0.6000000238,1.081077337,9.959000587,7.714848042,0,0,79.74769592,0,0,0,904.6379395,0,0.1966851056,-3.860290527,0.2373630553,0,0.9937052131,0.161457181,2.522204161,0.2199999988,0.2199999988,0.2199999988,3.732591867,0,2,17.22222137,17.22222137,0
